Company,Country,Index
snoqualmietribe.us,United States,1
twncomm.com,Taiwan,2
thejdkgroup.com,United States,3
sundanceliving.com,United States,4
rogerspetro.com,Canada,5
minnesotaexteriors.com,United States,6
laderalending.com,United States,7
krmcustomhomes.com,United States,8
ekvallbyrne.com,Sweden,9
columbiacabinets.com,United States,10
burdickpainting.com,United States,11
bergconst.com,United States,12
steveallcorn.remax.com,United States,13
alderconstruction.com,United States,14
weathersa.co.za,South Africa,15
slchc.edu,United States,16
www.jsp.com,Japan,17
primesourcestaffing.com,United States,18
kaplanstahler.com,United States,19
sdfab.com,USA,20
bazcooil.com,United States,21
komline.com,United States,22
wwcsd.net,United States,23
Hpisd.org,United States,24
sautech.edu,United States,25
teamues.com,United States,26
sportadmin.se,Sweden,27
www.manpower.com,United States,28
askgs.ma,Morocco,29
clarkfreightways.com,Canada,30
capstoneins.ca,Canada,31
www.aymcdonald.com,United States,32
alojaimi.com,South Africa,33
www.aswgr.com,United States,34
www.origene.com,United States,35
smithmidland.com,United States,36
www.wongfleming.com,United States,37
midwaymetals.com.vn,Vietnam,38
www.healthcarewithinreach.org,USA,39
www.pcm.com.mx,Mexico,40
samsill.com,United States,41
archaeologicalresearchservices.com,United Kingdom,42
www.missionbank.bank,United States,43
sdkgroup.com,Hong Kong,44
www.grohe.com,Germany,45
ilemgroup.com,Switzerland,46
www.americanstandard-us.com,United States,47
miedemaproduce.com,United States,48
boardman-hamilton.com,United States,49
whychoosebw.com,USA,50
precisionmechsd.com,United States,51
supremegroup.co.in,India,52
bsegroup.it,Italy,53
AKConstructors.com,United States,54
Intelservice.com,Nigeria,55
www.wisesocon.com,Thailand,56
mi.edu,United States,57
amerplumb.com,United States,58
www.fairhallzhang.com,Canada,59
www.primalwear.com,United States,60
www.rotaryeng.co.th,Thailand,61
www.mie.com.my,Malaysia,62
www.excelresourcing.co.uk,United Kingdom,63
www.temotekstil.com.tr,Turkey,64
www.leaguecenter.org,United States,65
drive-lines.com,United States,66
castlehillha.co.uk,United Kingdom,67
acquafertil.com.br,Brazil,68
www.geedingconstruction.com,United States,69
www.alliancemat.com,United States,70
www.metlife.com,United States,71
groupegm.com,France,72
lianbeng.sg,Singapore,73
www.psccorporation.com,Singapore,74
asesoriacamen.es,Spain,75
diazfoodsolutions.es,Spain,76
www.mccoyglobal.com,Canada,77
www.semfin.com,Switzerland,78
intellinet-es.com,Argentina,79
tabocas.com.br,Brazil,80
www.tekni-plex.com,United States,81
planetgroup.co.il,Israel,82
nbleisuretrust.org,United Kingdom,83
redknee.com,Canada,84
medisecure.com.au,Australia,85
choicemg.com,United States,86
www.specialtree.com,United States,87
scania.pl,Poland,88
www.aflak.com.sa,South Africa,89
Levinlaw.com,United States,90
recope.go.cr,Costa Rica,91
tectaamerica.com,United States,92
greenscape.us.com,United States,93
womenscare.com,United States,94
mpdory.com,United States,95
inia.es,Spain,96
pro-mec.com,Italy,97
hanwhacimarron.com,United States,98
frigopesca.com.ec,Ecuador,99
islandphoto.com,United States,100
www.bluco.com,United States,101
www.d47.org,United States,102
troxlerlabs.com,United States,103
westbornmarket.com,United States,104
www.marietta-city.org,United States,105
3ccaresystems.com,Germany,106
comarchs.com,United States,107
www.sefiso-atlantique.fr,France,108
www.wsgcpa.com,United States,109
www.goethe-university-frankfurt.de,Germany,110
www.dalgroup.com,Sudan,111
www.kiswire.com,South Korea,112
www.giorgiovisconti.it,Italy,113
www.fibrogen.com,United States,114
www.iscinc93.com,United States,115
KHKKLOW.com,Italy,116
costelloeye.com,United States,117
tascosaofficemachines.com,United States,118
qualitybillingservice.com,United States,119
everde.com,United States,120
internetway.com.br,Brazil,121
ppotts.com,United States,122
corenroll.com,United States,123
tappi.org,United States,124
alleghenycontract.com,United States,125
times-supermarket.com,United States,126
wheelerassoc.com,United States,127
gronercrm.com.br,Brazil,128
osmedica.com.ar,Argentina,129
facilcreditos.co,Colombia,130
www.bent-tree.com,United States,131
www.aras-group.ae,United Arab Emirates,132
bolognafc.it,Italy,133
walkingtree.org,India,134
reliv.la,Mexico,135
OfficeZilla.com,United States,136
cal-tool.com,United States,137
karberinsulation.com,Hungary,138
minneapolisparks.org,United States,139
yunker.com,United States,140
dienesusa.com,United States,141
parkleigh.com,United States,142
isd109.org,United States,143
coppelltx.gov,United States,144
www.itlindia.com,India,145
blr.com,India,146
curenta.com,Israel,147
www.damcapital.in,India,148
scalar.co.il,Israel,149
polaraire.com,United States,150
tempaircompany.com,United States,151
smawins.net,United States,152
thinkecs.com,United States,153
citywestcommercials.co.uk,United Kingdom,154
hartmannbund.de,Germany,155
brylesresearch.com,United States,156
Thebike.com,United States,157
interborosd.org,United States,158
wulffco.com,United States,159
www.depewgillen.com,United States,160
waive.com.au,Australia,161
Jornstax.com,United States,162
allconstructiongroupwv.com,United States,163
sealevelinc.com,United States,164
jergenspiping.com,Norway,165
totaldevelopmentsolutions.com,United Kingdom,166
potteau.com,Belgium,167
jhs.co.uk,United Kingdom,168
Medigroup.ca,Canada,169
tolbertlegal.com,United States,170
nynewspapers.com,United States,171
bartleycorp.com,United States,172
interlabel.be,Belgium,173
del-electric.com,Italy,174
bitquail.com,Netherlands,175
geminiindustriesinc.com,United States,176
www.cenergica.com,El Salvador,177
www.fdc.ie,Ireland,178
nelconinc.biz,United States,179
www.msdl.ca,Canada,180
arcoexc.com,United Arab Emirates,181
brandenburgerplumbing.com,Australia,182
sector5.ro,Romania ,183
metroelectric.com,United States,184
pacificglazing.com,Canada,185
nwhealthporter.com,United States,186
apoyoconsultoria.com,Peru,187
sundt.com,Norway,188
www.mssupply.com,United States,189
www.drbutlerandassociates.com,United States,190
www.schweiker.de,Germany,191
kenanasugarcompany.com,Sudan,192
goodline.com.au,Australia,193
maxdata.com.br,Brazil,194
redphoenixconstruction.com,Canada,195
csucontracting.com,United States,196
lambertstonecommercial.com,United Kingdom,197
caseconstruction.com,United States,198
krigerconstruction.com,United States,199
bravodigitaltrader.co.uk,United Kingdom,200
lighthouseelectric.com,United States,201
www.rosito-bisani.com,United States,202
www.ua4rent.com,United States,203
www.usm.cl,Chile,204
www.tigre.gob.ar,Argentina,205
www.tetco-group.com,South Africa,206
www.fatboysfleetandauto.com,United States,207
www.sym-global.com,Taiwan,208
eap.gr,Greece,209
www.mabeglobal.com,Mexico,210
granjazul.com,Guatemala,211
illumin8global.com,United Arab Emirates,212
nagucoop.com,Guatemala,213
tlie.org,United States,214
www.baymark.com,United States,215
hcfinc.com,United States,216
noblehouse.com.ph,Philippines,217
harrispersonalinjury.com,United States,218
www.guymontigers.com,Australia,219
flueid.com,United States,220
payxpress.co.il,Israel,221
mkarrari.com.br,Brazil,222
melangesystems.com,India,223
Groupseco.com,Belgium,224
www.resourceinternational.com,United States,225
www.kciconst.com,United States,226
blalockcompanies.com,United States,227
bulloch.solutions,United States,228
www.oma.aero,Mexico,229
passivecomponent.com,United States,230
elnamagnetics.com,United States,231
semna.fr,France,232
specpro-inc.com,United States,233
dennissupply.com,United States,234
polypane.be,Belgium,235
davisbrothersinc.com,United States,236
bwdtechnology.com,United Arab Emirates,237
lpahorticole.faylbillot.educagri.fr,France,238
tkg.com,Japan,239
1doc.sg,Singapore,240
donbosco-landser.net,France,241
mauguio-carnon.com,France,242
www.stivo.com,France,243
yorozu-corp.co.jp,Japan,244
qs-group.com,Switzerland,245
sizeloveconstruction.com,United States,246
mh-mech.com,Japan,247
starhealth.in,India,248
paciente.sempremedico.com.br,Brazil,249
clinicia.com,India,250
Alqaryahauction.com,United Arab Emirates,251
www.qal.com,United States,252
www.proflex.ro,Romania ,253
www.camelotservices.com,United Kingdom,254
www.aristoiclassical.org,Cyprus,255
www.kersey.net,United States,256
www.chiltonisd.org,United States,257
Bigpharmacy.com.my,Malaysia,258
HiCare.net,India,259
Horsesportireland.ie,Ireland,260
transport-system.com,Switzerland,261
Astolabs.com,United Arab Emirates,262
Fpapak.org,United States,263
G-plans.com,United States,264
basarsoft.com.tr,Turkey,265
medicato.com,Mexico,266
confidencegroup.com.bd,Bangladesh,267
saizeriya.co.jp,Japan,268
NextStage.AI,United States,269
practicesuite.us,United States,270
medexhco.com,United Arab Emirates,271
okcabstract.com,United States,272
nspproteins.com,United States,273
trulysmall.com,Canada,274
autodoc.pro,Germany,275
canstarrestorations.com,Canada,276
omniboxx.nl,Netherlands,277
kleberandassociates.com,United States,278
releese.io,Canada,279
winwinza.com,Myanmar,280
rollxvans.com,United States,281
ironmetals.com,Germany,282
domainindustries.com,United States,283
bypeterandpauls.com,Canada,284
mccartycompany.com,United States,285
markdom.com,Canada,286
rockymountaingastro.com,United States,287
www.contegritygroup.com,United States,288
www.naniwa-pump.co.jp,Japan,289
www.vbrlogistica.com.br,Brazil,290
www.careco.se,Sweden,291
www.tokiwa-group.co.jp,Japan,292
www.law-taxes.pl,Poland,293
appweb.usinacoruripe.com.br,Brazil,294
gsdwi.org,Germany,295
tellurianinc.org,United States,296
bakpilic.com.tr,Turkey,297
Acho.io,Germany,298
savannahcandy.com,United States,299
virainsight.com,United States,300
aroma.com.tr,Turkey,301
rarholding.com,Austria,302
advbe.com,France,303
libertyfirstcu.com,United States,304
avl1.com,United States,305
ringpower.com,United States,306
www.galloway-macleod.co.uk,United Kingdom,307
www.quenotedeporten.com,Argentina,308
www.nikpol.com.au,Australia,309
www.plumbersstock.com,United States,310
www.taperuvicha.com,Argentina,311
capecodacademy.org,United States,312
www.8010urbanliving.com,United States,313
topdoctors.com,Spain,314
www.adantia.es,Spain,315
www.faithfc.org,United States,316
www.tta.cls,France,317
kryptonresources.com,Canada,318
oipip.gda.pl,Poland,319
lafuturasrl.it,Italy,320
advantagecdc.org,United States,321
accuraterailroad.com,United States,322
www.atlcc.net,United States,323
www.southeasternretina.com,United States,324
mechdyne.com,United States,325
thornton-inc.com,United States,326
allamericanpoly.com,United States,327
www.vinatiorganics.com,India,328
americagraphics.com,United States,329
www.avf-biomedical.com,USA,330
www.bsg.com.au,Australia,331
www.unige.it,Italy,332
cardiovirginia.com,United States,333
briedis.lt,Lithuania,334
tri-tech.us,United States,335
cbt-gmbh.de,Germany,336
inorde.com,United States,337
cps-k12.org,United States,338
Inglenorth.co.uk,United Kingdom,339
phdservices.net,United States,340
kawasaki.eu,Netherlands,341
www.towellengineering.net,Oman,342
www.parknfly.ca,Canada,343
www.galgorm.com,United Kingdom,344
www.bennettcurrie.co.nz,New Zealand,345
plannedparenthood.org,United States,346
gardenhomesmanagement.com,United States,347
wilmingtoncc.org,United States,348
www.pokerspa.it,Italy,349
www.sanyo-bussan.co.jp,Japan,350
www.amberbev.com,Latvia,351
Removal.AI,Philippines,352
www.sanyo-av.com<Taiwan>,Taiwan,353
www.electriforce.com,United States,354
www.schneider.ch,Switzerland,355
ciot.com,United States,356
www.nissan-dubai.com,United Arab Emirates,357
grant-associates.uk.com,United Kingdom,358
www.lfewines.com,United States,359
www.gruyeria.ch,Switzerland,360
www.fenceauthority.com,United States,361
www.johnkellys.com,United States,362
www.iph-bet.fr,France,363
www.suvacity.org,Fiji,364
www.primariatm.ro,Romania ,365
www.mineduc.gob.gt,Guatemala,366
www.swinburne.edu,Australia,367
www.iiitd.ac.in,India,368
www.ramoncorripio.com,Dominican Republic,369
www.timortelecom.tl,Timor-Leste,370
www.citebd.org,France,371
glasstile.com,United States,372
rainierarms.com,United States,373
www.chwa.com.tw,Taiwan,374
www.polycohealthline.com,United Kingdom,375
www.spie-tec.de,Germany,376
htsusa.com,United States,377
www.smarterp.com<Auction>,United States,378
www.alabamaplate.com,United States,379
prasarana.com.my,Malaysia,380
saudi arabia(general secretariat of the military service council),South Africa,381
www.banhampoultry.co.uk,United Kingdom,382
capitalfund1.com,United States,383
blowerdempsay.com,United States,384
inlighten.net<Disclose>,United States,385
ccsdschools.com<disclose>,United States,386
OSG.COM,United States,387
imobesidade.com.br,Brazil,388
www.manotherm.ie,Ireland,389
www.netconfig.co.za,South Africa,390
www.regentcaravans.com.au,Australia,391
www.gmchc.org,United States,392
www.martinswood.herts.sch.uk,United Kingdom,393
www.allanmcneill.co.nz,New Zealand,394
www.lennartsfors.com,Sweden,395
www.albynhousing.org.uk,United Kingdom,396
www.vinakom.com,United States,397
nrcollecties.nl,Netherlands,398
www.patelco.org<Disclose>,United States,399
www.aaconsultinc.com,United States,400
ljglaw.com,United States,401
www.atwoodcherny.com,United States,402
www.isnart.it,Italy,403
bedford.k12.oh.us,United States,404
welevelup.com,United States,405
naturalcuriosities.com,United States,406
Jeffersoncountyclerk.org,United States,407
alliuminteriors.co.nz,New Zealand,408
lmgroup.com<Disclose>,Spain,409
kempe.com.au,Australia,410
dhcgrp.com,United States,411
mrhme.org,United States,412
golfoy.com,India,413
pierrediamonds.com.au,Australia,414
inv-dar.com,South Africa,415
rationalenterprise.com<disclose>,United States,416
modernceramics.com,United States,417
hudsoncivil.com.au,Australia,418
amplicon.com,United Kingdom,419
infotexim.pe<Auction>,Peru,420
www.sobha.com,India,421
retaildatallc.com,United States,422
www.bahia-principe.com,Spain,423
www.normandydiesel.fr,France,424
effinghamschools.com,United States,425
mcdowallaffleck.com.au,Australia,426
nydj.com,United States,427
wgma.org,United States,428
verwarmingheyndrickx.be,Belgium,429
labor-koblenz.de,Germany,430
www.castelligroup.com,Italy,431
www.whittakersystem.com,United States,432
www.neurologicalinstitute.com,United States,433
oficina.oficinadasfinancas.com.br,Brazil,434
bpjaguar.com,Mexico,435
ach.co.th,Thailand,436
baytoti.com,South Africa,437
cminsulation.com,United States,438
panitchlaw.com,United States,439
sigmacontrol.eu,Netherlands,440
www.byzan.com,USA,441
www.garudafood.com,Indonesia,442
www.kumagaigumi.co.jp,Japan,443
www.glowfm.nl,Netherlands,444
metalfrio.com.br,Brazil,445
www.erma-rtmo.it,Italy,446
pgd.pl,Poland,447
hlbpr.com,USA,448
ceopag.com.br / ceofood.com.br,Brazil,449
www.hashem-contracting.com,South Africa,450
www.cameronhodges.com,USA,451
www.benchinternational.com,USA,452
www.zepter.de,Germany,453
www.riteaid.com,USA,454
www.eurostrand.de,Germany,455
www.lynchaluminum.com,USA,456
www.netavent.dk,Denmark,457
www.bfcsolutions.com,USA,458
aedifica.com,Belgium,459
baiminstitute.org,USA,460
www.swcs-inc.com,USA,461
eni.com&mellitahog.ly,Italy,462
www.daesangamerica.com,South Korea,463
www.hauptmann.at,Austria,464
www.finecopneumatica.com,Italy,465
www.sfmedical.de,Germany,466
www.nttdata.ro,Romania ,467
Spandex.com,United Kingdom,468
midamea.com<Auction>,South Korea,469
equinocioplay.com.br,Brazil,470
www.sicoob.com.br<Updated>,Brazil,471
www.cipl.org.in,India,472
daniellegroup.com,USA,473
coca-cola.com - Myanmar office,USA,474
www.cloudeurope.it,Italy,475
www.mangimifusco.it,Italy,476
www.harrisranchbeef.com,USA,477
bitzsoftwares.com.br,Brazil,478
multi-wing.com,Denmark,479
www.invisio.com,Denmark,480
www.liderit.es,Spain,481
parlorenzo.com,Italy,482
www.gbricambi.it [UPDATE],Italy,483
smicusa.com,United States,484
www.novabitsrl.it,Italy,485
www.ugrocapital.com,India,486
www.crezit.com,Spain,487
www.clevo.com.tw<Disclose>,Taiwan,488
Frontier.com,USA,489
www.bjurholm.se,Sweden,490
www.psgbdvor.rs,Serbia,491
www.christies.com<SOLD>,United Kingdom,492
www.acslabtest.com,USA,493
www.throttleup.io,United States,494
www.brittanyhorne.com,USA,495
www.mataderodegijon.es,Spain,496
www.houstonwastesolutions.com,USA,497
www.eastshoresound.com,United States,498
www.chuoss.co.jp,Japan,499
www.oriux.com,United States,500
www.neodesha.org,USA,501
www.rockymountainsales.com,USA,502
www.eucatex.com.br,Brazil,503
www.confins.com.br,Brazil,504
OKUANT - okuant.com,Spain,505
iseta.fr,France,506
www.lalengineering.com,USA,507
www.portosaofrancisco.com.br,Brazil,508
www.kamojou.co.za,South Africa,509
www.thaayakam.co.uk,United Kingdom,510
www.extraco.ae,United Arab Emirates,511
www.polaris.es,Spain,512
www.jutebag.co.uk,United Kingdom,513
www.precisiontimesystems.com,USA,514
www.designintoto.com.au,Australia,515
www.europeanprof.es,Spain,516
www.harmanrealtors.com,USA,517
www.fabricainfo.com,Brazil,518
www.grupocuevas.es,Spain,519
www.eebpsa.com.co,Colombia,520
www.robesoncoso.org,USA,521
www.cyncsolutions.com,USA,522
"Baca County Feedyard, Inc",United States,523
www.skywaycoach.ca,Canada,524
www.farmaciaflorio.com,Italy,525
www.nrshealthcare.com,United Kingdom,526
www.hcisystems.net,USA,527
www.betteraccountingsolutions.com,USA,528
www.aretusamilano.it,Italy,529
www.agenciahost.com,United States,530
www.constelacion.com.sv,El Salvador,531
www.avantit.no,Norway,532
www.pgesco.com,USA,533
www.wisd.net,USA,534
www.industrialdealimentos.com,Brazil,535
www.lapastina.com,Italy,536
www.kovra.com.my,Malaysia,537
www.computan.com,Canada,538
www.scadea.com,India,539
www.go4kora.tv,Tuvalu,540
www.rekamy.com,Malaysia,541
www.dvttechnologyltd.com,United Kingdom,542
www.siea.sk,Slovakia,543
www.spmundi.com.br,Brazil,544
www.merchant.id,Indonesia,545
www.shootinghouse.com.br,Brazil,546
www.headwaterco.com,USA,547
www.al-shefafarm.ro(SOLD),Romania ,548
www.ykp.com.br,Brazil,549
